{
	"i1": [0, 1, 0, 0],
	"i2": [0, 1, 1.57079632679, 1.57079632679],
	"i3": [0, 1, 1.57079632679, 1.57079632679]
}
